codon	mu
AAA	0.0001470805
AAC	0.0004338979
AAG	0.0003919346
AAT	0.0002754379
ACA	0.0002705712
ACC	0.0001836808
ACG	0.0001853825
ACT	0.0002614404
AGA	0.0005365252
AGC	0.0006551624
AGG	0.006276316
AGT	0.0007994849
ATA	0.0008258727
ATC	0.000242373
ATG	0.001376728
ATT	0.0002096603
CAA	0.0004527521
CAC	0.001948674
CAG	0.0001150464
CAT	0.001779026
CCA	0.0002472885
CCC	0.02033071
CCG	0.0001745707
CCT	0.0001636193
CGA	0.001031396
CGC	0.001051716
CGG	0.001164647
CGT	0.0001750105
CTA	0.0004694291
CTC	0.0001903949
CTG	0.0007560202
CTT	0.0001760656
GAA	0.0003089001
GAC	6.695742e-05
GAG	0.0001179011
GAT	3.315149e-05
GCA	0.0002403524
GCC	0.0003179319
GCG	0.0002133139
GCT	0.0002627794
GGA	0.00041212
GGC	0.0002349188
GGG	0.0005665506
GGT	0.0002665382
GTA	0.001330374
GTC	0.0003380108
GTG	0.0004575475
GTT	0.001059536
TAC	0.001045043
TAT	0.0002977838
TCA	0.0001011552
TCC	0.0001333764
TCG	0.0001693866
TCT	0.0002158333
TGC	0.005808007
TGG	0.001169977
TGT	0.00946587
TTA	0.0003579307
TTC	0.0004784896
TTG	0.0003218169
TTT	0.0002627471
