codon	w_tai
AAA	0.795
AAC	0.5
AAG	0.167
AAT	0.295
ACA	0.098
ACC	0.5
ACG	0.167
ACT	0.295
AGA	0.038
AGC	0.167
AGG	0.038
AGT	0.098
ATA	0.038
ATC	0.795
ATG	0.5
ATT	0.5
CAA	0.295
CAC	0.295
CAG	0.5
CAT	0.167
CCA	0.167
CCC	0.098
CCG	0.5
CCT	0.098
CGA	0.038
CGC	0.5
CGG	0.098
CGT	0.795
CTA	0.038
CTC	0.098
CTG	1.0
CTT	0.098
GAA	0.795
GAC	0.5
GAG	0.295
GAT	0.295
GCA	0.5
GCC	0.5
GCG	0.5
GCT	0.295
GGA	0.098
GGC	0.5
GGG	0.167
GGT	0.5
GTA	0.295
GTC	0.295
GTG	0.295
GTT	0.5
TAC	0.5
TAT	0.295
TCA	0.098
TCC	0.295
TCG	0.167
TCT	0.167
TGC	0.167
TGG	0.5
TGT	0.098
TTA	0.098
TTC	0.5
TTG	0.167
TTT	0.295
