aa	codon	count	freq_within_aa	freq_global	mu	w_tai	mu_class	tai_class	mode
A	GCA	26724	0.28257835	0.02171634	0.0002403524	0.5	low_mu	high_tai	safe_sprinter
A	GCC	19592	0.20716491	0.01592077	0.0003179319	0.5	high_mu	high_tai	risky_sprinter
A	GCG	24868	0.26295309	0.02020813	0.0002133139	0.5	low_mu	high_tai	safe_sprinter
A	GCT	23388	0.24730364	0.01900546	0.0002627794	0.295	high_mu	low_tai	risky_careful
C	TGC	5297	0.54704121	0.00430443	0.005808007	0.167	low_mu	high_tai	safe_sprinter
C	TGT	4386	0.45295879	0.00356413	0.00946587	0.098	high_mu	low_tai	risky_careful
D	GAC	22949	0.35980371	0.01864872	6.695742e-05	0.5	high_mu	high_tai	risky_sprinter
D	GAT	40833	0.64019629	0.03318154	3.315149e-05	0.295	low_mu	low_tai	safe_careful
E	GAA	60708	0.6798056	0.04933227	0.0003089001	0.795	high_mu	high_tai	risky_sprinter
E	GAG	28594	0.3201944	0.02323593	0.0001179011	0.295	low_mu	low_tai	safe_careful
F	TTC	17452	0.31512613	0.01418177	0.0004784896	0.5	high_mu	high_tai	risky_sprinter
F	TTT	37929	0.68487387	0.0308217	0.0002627471	0.295	low_mu	low_tai	safe_careful
G	GGA	26788	0.31472713	0.02176835	0.00041212	0.098	high_mu	low_tai	risky_careful
G	GGC	28905	0.33959937	0.02348866	0.0002349188	0.5	low_mu	high_tai	safe_sprinter
G	GGG	13778	0.16187511	0.01119622	0.0005665506	0.167	high_mu	low_tai	risky_careful
G	GGT	15644	0.18379839	0.01271256	0.0002665382	0.5	low_mu	high_tai	safe_sprinter
H	CAC	9124	0.32660367	0.00741431	0.001948674	0.295	high_mu	high_tai	risky_sprinter
H	CAT	18812	0.67339633	0.01528693	0.001779026	0.167	low_mu	low_tai	safe_careful
I	ATA	11619	0.1280994	0.00944178	0.0008258727	0.038	high_mu	low_tai	risky_careful
I	ATC	33304	0.36717639	0.02706335	0.000242373	0.795	low_mu	high_tai	safe_sprinter
I	ATT	45780	0.50472421	0.03720155	0.0002096603	0.5	low_mu	high_tai	safe_sprinter
K	AAA	61016	0.701664	0.04958256	0.0001470805	0.795	low_mu	high_tai	safe_sprinter
K	AAG	25943	0.298336	0.02108169	0.0003919346	0.167	high_mu	low_tai	risky_careful
L	CTA	6088	0.05096096	0.0049472	0.0004694291	0.038	high_mu	low_tai	risky_careful
L	CTC	13425	0.11237695	0.01090937	0.0001903949	0.098	low_mu	high_tai	safe_sprinter
L	CTG	28686	0.24012255	0.02331069	0.0007560202	1	high_mu	high_tai	risky_sprinter
L	CTT	28582	0.23925199	0.02322618	0.0001760656	0.098	low_mu	high_tai	safe_sprinter
L	TTA	23665	0.19809315	0.01923055	0.0003579307	0.098	high_mu	high_tai	risky_sprinter
L	TTG	19018	0.1591944	0.01545433	0.0003218169	0.167	low_mu	high_tai	safe_sprinter
M	ATG	33365	1	0.02711292	0.001376728	0.5	low_mu	high_tai	safe_sprinter
N	AAC	21134	0.43456089	0.01717382	0.0004338979	0.5	high_mu	high_tai	risky_sprinter
N	AAT	27499	0.56543911	0.02234612	0.0002754379	0.295	low_mu	low_tai	safe_careful
P	CCA	8598	0.1906853	0.00698687	0.0002472885	0.167	high_mu	high_tai	risky_sprinter
P	CCC	4003	0.088778	0.0032529	0.02033071	0.098	high_mu	low_tai	risky_careful
P	CCG	19582	0.43428698	0.01591264	0.0001745707	0.5	low_mu	high_tai	safe_sprinter
P	CCT	12907	0.28624972	0.01048843	0.0001636193	0.098	low_mu	low_tai	safe_careful
Q	CAA	24201	0.51264616	0.01966611	0.0004527521	0.295	high_mu	low_tai	risky_careful
Q	CAG	23007	0.48735384	0.01869585	0.0001150464	0.5	low_mu	high_tai	safe_sprinter
R	AGA	13238	0.26300836	0.01075741	0.0005365252	0.038	low_mu	low_tai	safe_careful
R	AGG	4712	0.09361651	0.00382905	0.006276316	0.038	high_mu	low_tai	risky_careful
R	CGA	4969	0.09872251	0.00403789	0.001031396	0.038	low_mu	low_tai	safe_careful
R	CGC	10408	0.20678283	0.0084577	0.001051716	0.5	high_mu	high_tai	risky_sprinter
R	CGG	7857	0.15610037	0.00638472	0.001164647	0.098	high_mu	high_tai	risky_sprinter
R	CGT	9149	0.18176942	0.00743462	0.0001750105	0.795	low_mu	high_tai	safe_sprinter
S	AGC	17429	0.22555681	0.01416308	0.0006551624	0.167	high_mu	high_tai	risky_sprinter
S	AGT	8168	0.10570589	0.00663745	0.0007994849	0.098	high_mu	low_tai	risky_careful
S	TCA	18267	0.23640175	0.01484405	0.0001011552	0.098	low_mu	low_tai	safe_careful
S	TCC	9831	0.12722755	0.00798882	0.0001333764	0.295	low_mu	high_tai	safe_sprinter
S	TCG	7738	0.10014106	0.00628802	0.0001693866	0.167	low_mu	high_tai	safe_sprinter
S	TCT	15838	0.20496693	0.01287021	0.0002158333	0.167	high_mu	high_tai	risky_sprinter
T	ACA	27484	0.41195515	0.02233393	0.0002705712	0.098	high_mu	low_tai	risky_careful
T	ACC	10596	0.15882247	0.00861048	0.0001836808	0.5	low_mu	high_tai	safe_sprinter
T	ACG	17875	0.26792673	0.01452551	0.0001853825	0.167	low_mu	low_tai	safe_careful
T	ACT	10761	0.16129564	0.00874456	0.0002614404	0.295	high_mu	high_tai	risky_sprinter
V	GTA	16457	0.19728356	0.01337322	0.001330374	0.295	high_mu	high_tai	risky_sprinter
V	GTC	21390	0.25641948	0.01738185	0.0003380108	0.295	low_mu	high_tai	safe_sprinter
V	GTG	21866	0.26212568	0.01776865	0.0004575475	0.295	low_mu	high_tai	safe_sprinter
V	GTT	23705	0.28417128	0.01926306	0.001059536	0.5	high_mu	high_tai	risky_sprinter
W	TGG	12722	1	0.0103381	0.001169977	0.5	low_mu	high_tai	safe_sprinter
Y	TAC	14862	0.34610279	0.01207709	0.001045043	0.5	high_mu	high_tai	risky_sprinter
Y	TAT	28079	0.65389721	0.02281744	0.0002977838	0.295	low_mu	low_tai	safe_careful
